"Timestamp";"¿Cuantos años llevas usando Java?";"¿Cuales JVM utilizas en tu PC de desarrollo?";"¿Cuales JVM utilizas en producción?";"¿Que versiones de Java utilizas actualmente?";"¿Que IDE utilizas actualmente?";"¿Utilizas Java para desarrollo?";"¿Que lenguajes de la JVM utilizas?";"¿Que otros lenguajes fuera de la JVM utilizas?";"¿Cuales de estos frameworks/bibliotecas/APIs utilizas atualmente?";"¿Que servidor/runtime utilizas para tus despliegues?";"¿Despliegas via contenedores?";"¿Que sistemas operativos utilizas para programar?";"¿Que sistemas operativos utilizas en producción?";"¿Cual de las siguientes opciones describe mejor tu rol en la empresa?";"¿Tienes algún comentario adicional para la comunidad Java de Guatemala?"
"9/21/2021 18:03:24";10;"Eclipse Adoptium/AdoptOpenJDK, Oracle GraalVM";"OpenJDK en mi distribución Linux";"Java 11, Java 8";"IntelliJ IDEA, VS Code";"Backend, Movíl/Android";"Java, Kotlin";"JavaScript (Deno/Node.js)";"Java/Jakarta EE";"Oracle WebLogic, Payara, Red Hat Wildfly";"Docker/Podman exclusivamente, Kubernetes";"Linux";"Linux";"Arquitecto de software";
"9/21/2021 18:15:01";16;"Open JDK via sdkman";"Oracle JDK, OpenJDK en mi distribución Linux";"Java 17, Java 11, Java 8";"IntelliJ IDEA";"Backend";"Java";"JavaScript (Deno/Node.js)";"Java/Jakarta EE";"Apache Tomcat, Apache TomEE, Eclipse Jetty";"Docker Swarm";"Linux, MacOS, Windows";"Linux";"Arquitecto de software";
"9/21/2021 18:18:11";10;"Oracle JDK";"Oracle JDK";"Java 7 o anterior";"Apache NetBeans";"Escritorio";"Java";"JavaScript (Deno/Node.js), Python";;"Apache Tomcat";;"Windows";"Windows";"Desarrollador de software";
"9/21/2021 18:18:34";9;"Eclipse Adoptium/AdoptOpenJDK, Oracle JDK";"Oracle JDK";"Java 11, Java 8";"IntelliJ IDEA";"Backend";"Java";"JavaScript (Deno/Node.js)";"Spring";"Apache Tomcat";;"MacOS";"Linux";"Desarrollador de software";
"9/21/2021 18:20:32";8;"OpenJDK en mi distribución Linux";"OpenJDK en mi distribución Linux";"Java 8, Java 7 o anterior";"Apache NetBeans, IntelliJ IDEA, VS Code";"Backend, Frontend";"Java, Kotlin";"Go, JavaScript (Deno/Node.js), Python";"Spring";"Apache Tomcat, Oracle WebLogic, Red Hat JBoss";"Docker/Podman exclusivamente";"Linux, Windows";"Linux";"Desarrollador de software";"Tienen agenda donde consultar los eventos de jug ?"
"9/21/2021 18:22:11";10;"Oracle JDK, OpenJDK en mi distribución Linux";"Oracle JDK, OpenJDK en mi distribución Linux";"Java 11, Java 8";"Apache NetBeans, VS Code, Netbeans 8";"Backend, Frontend";"Java";"JavaScript (Deno/Node.js)";"Java/Jakarta EE";"Payara, Glassfish";;"Linux";"Linux";"Desarrollador de software";
"9/21/2021 18:38:42";7;"Oracle GraalVM, Oracle JDK, Red Hat OpenJDK";"Oracle JDK";"Java 8, Java 7 o anterior";"VS Code";"Backend";"Groovy, Java";"JavaScript (Deno/Node.js)";"Spring";"Apache Tomcat, Oracle WebLogic";;"Linux, Windows";"Linux";"Desarrollador de software";
"9/21/2021 18:44:10";8;"Azul Zulu/Zing, Eclipse Adoptium/AdoptOpenJDK, Oracle JDK, OpenJDK en mi distribución Linux";"Azul Zulu/Zing, OpenJDK en mi distribución Linux";"Java 8";"IntelliJ IDEA, VS Code";"Backend, Movíl/Android";"Java";"JavaScript (Deno/Node.js), Python";"Spring";"Apache Tomcat, Apache TomEE";"Kubernetes";"Linux, MacOS, Windows";"Linux";"Desarrollador de software";
"9/21/2021 18:52:55";6;"Azul Zulu/Zing";"OpenJDK en mi distribución Linux";"Java 8";"Eclipse IDE";"Escritorio, Backend, Frontend";"Java";"JavaScript (Deno/Node.js)";"Java/Jakarta EE, Vaadin";"Apache Tomcat, Apache TomEE";;"MacOS, Windows";"Linux";"Desarrollador de software";
"9/21/2021 18:54:28";4;"Oracle JDK";"Oracle JDK";"Java 11";"VS Code";"Backend";"Java";"JavaScript (Deno/Node.js)";"Spring";"Apache Tomcat";;"Windows";"Linux";"CIO/CTO/VP/Director";
"9/21/2021 18:54:32";15;"Eclipse Adoptium/AdoptOpenJDK, Oracle GraalVM, Oracle JDK, OpenJDK en mi distribución Linux";"Amazon Corretto, Eclipse Adoptium/AdoptOpenJDK, Oracle JDK, Red Hat OpenJDK, OpenJDK en mi distribución Linux";"Java 11, Java 8, Java 7 o anterior";"Apache NetBeans, VS Code";"Escritorio, Backend, Frontend";"Java";"JavaScript (Deno/Node.js)";"Java/Jakarta EE, Quarkus, Spring, JSF, Hibernate, JPA";"Apache Tomcat, Red Hat Wildfly";"Kubernetes";"Linux, Windows";"Linux, Windows";"Arquitecto de software";
"9/21/2021 19:03:42";7;"Azul Zulu/Zing, OpenJDK en mi distribución Linux";"Azul Zulu/Zing";"Java 11, Java 8";"Eclipse IDE, IntelliJ IDEA";"Backend, Movíl/Android";"Java, Kotlin";"JavaScript (Deno/Node.js), Python";"Java/Jakarta EE, Spring";"Apache Tomcat";"Docker Swarm, Kubernetes";"MacOS, Windows";"MacOS, Windows";"Desarrollador de software";
"9/21/2021 19:14:50";10;"Oracle JDK, OpenJDK en mi distribución Linux";"OpenJDK en mi distribución Linux";"Java 8";"Apache NetBeans";"Escritorio, Backend, Frontend";"Java";"C#";"Java/Jakarta EE";"Apache Tomcat, Payara";"Docker/Podman exclusivamente";"Linux, Windows";"Windows";"Desarrollador de software";
"9/21/2021 19:18:00";6;"Oracle JDK, OpenJDK en mi distribución Linux";"Azul Zulu/Zing";"Java 11";"IntelliJ IDEA";"Backend";"Java";"JavaScript (Deno/Node.js)";"Java/Jakarta EE";"Payara";"Kubernetes";"Linux, Windows";"Linux";"Arquitecto de software";
"9/21/2021 19:23:31";20;"Amazon Corretto, Microsoft build of OpenJDK";"Amazon Corretto";"Java 11";"IntelliJ IDEA";"Backend, Frontend";"Java";;"Quarkus";;"Docker/Podman exclusivamente";"Windows";"Linux";"Arquitecto de software";
"9/21/2021 19:29:08";16;"Oracle GraalVM, Oracle JDK, OpenJDK en mi distribución Linux";"OpenJDK en mi distribución Linux";"Java 11, Java 8";"Eclipse IDE, IntelliJ IDEA";"Backend, Movíl/Android";"Java";"JavaScript (Deno/Node.js)";"Java/Jakarta EE, Spring";"Payara, Red Hat Wildfly";;"Linux, MacOS";"Linux";"Arquitecto de software";
"9/21/2021 19:53:26";6;"Oracle JDK, OpenJDK en mi distribución Linux";"Oracle JDK, OpenJDK en mi distribución Linux";"Java 11, Java 8";"Apache NetBeans, Eclipse IDE";"Backend, Frontend";"Java";"JavaScript (Deno/Node.js), Python";"Java/Jakarta EE, Spring";"Apache Tomcat, IBM Websphere (Websphere Liberty), Oracle WebLogic, Payara, Red Hat JBoss";;"Linux, Windows";"Linux, Windows";"Desarrollador de software";
"9/21/2021 20:14:11";6;"OpenJDK en mi distribución Linux";"OpenJDK en mi distribución Linux";"Java 11, Java 8";"IntelliJ IDEA";"Backend";"Java";"Python";"Java/Jakarta EE";"Payara";"Docker/Podman exclusivamente";"Linux, Windows";"Linux";"Desarrollador de software";
"9/21/2021 20:27:50";2;"Oracle JDK";"Oracle JDK";"Java 17, Java 8";"Apache NetBeans";"Escritorio, Backend, Frontend";"Java, JavaScript (GraalVM/Rhino/Nashorn)";"JavaScript (Deno/Node.js)";"Java/Jakarta EE";"Glassfish";;"Windows";"Windows";"Desarrollador de software";"Todo bien por el momento"
"9/21/2021 20:50:55";20;"Oracle JDK";"Oracle JDK, OpenJDK en mi distribución Linux";"Java 11";"VS Code";"Backend, Ingenieria de datos";"Java, Kotlin";"Go, JavaScript (Deno/Node.js)";"Spring";"Apache Tomcat";"Kubernetes";"MacOS";"Linux";"Arquitecto de software";
"9/21/2021 20:59:23";1;"Eclipse Adoptium/AdoptOpenJDK";"Eclipse Adoptium/AdoptOpenJDK";"Java 11, Java 8";"IntelliJ IDEA";"Escritorio, Frontend";"Java";"JavaScript (Deno/Node.js), Python";"Spring";"Payara";;"Windows";"Windows";"Desarrollador de software";
"9/21/2021 22:13:24";9;"Azul Zulu/Zing, Eclipse Adoptium/AdoptOpenJDK, Oracle JDK, OpenJDK en mi distribución Linux";"Azul Zulu/Zing, Oracle JDK, OpenJDK en mi distribución Linux";"Java 11, Java 8";"Apache NetBeans, IntelliJ IDEA";"Escritorio, Backend";"Java";"JavaScript (Deno/Node.js), Python";"Java/Jakarta EE, Spring, Hibernate";"Apache Tomcat, Payara, GlassFish";;"Linux, Windows";"Linux";"Desarrollador de software";
"9/22/2021 3:56:14";6;"Amazon Corretto, Liberica JDK";"Oracle JDK, OpenJDK en mi distribución Linux";"Java 8, Java 7 o anterior";"Apache NetBeans";"Backend, Frontend, Movíl/Android";"Java, Kotlin";"JavaScript (Deno/Node.js)";"Java/Jakarta EE, Spring";"Apache Tomcat, Apache TomEE";;"Windows";"Linux";"Desarrollador de software";
"9/22/2021 6:30:37";0;"Oracle JDK, OpenJDK en mi distribución Linux";"Oracle JDK, OpenJDK en mi distribución Linux";"Java 7 o anterior";"Eclipse IDE, VS Code, Netbeans ";"Backend, Frontend, Movíl/Android";"Java, Kotlin";"PHP, .NET, C++, C#,  Alexa Skills";"Java/Jakarta EE, Spring";"Apache Tomcat, Apache TomEE, Oracle WebLogic, Payara, Red Hat JBoss";"Docker/Podman exclusivamente, Docker Swarm";"Linux, Windows";"Linux";"Arquitecto de software";"Gracias por siempre apoyarnos y mantenernos actualizado con las nuevas tendencias en JVM, en especial Microprofile y Tomitribe "
"9/22/2021 7:21:26";4;"Eclipse Adoptium/AdoptOpenJDK";"Eclipse Adoptium/AdoptOpenJDK";"Java 11";"IntelliJ IDEA";"Backend, Movíl/Android";"Java";"JavaScript (Deno/Node.js)";"Java/Jakarta EE, MicroProfile, Spring";"Oracle WebLogic, Payara";"Docker/Podman exclusivamente";"Windows";"Linux";"Arquitecto de software";
"9/22/2021 7:25:03";5;"Oracle JDK";"Oracle JDK";"Java 8";"Apache NetBeans, VS Code";"Backend";"Java";;"Java/Jakarta EE, Spring";"Apache Tomcat, Red Hat Wildfly";;"Windows";"Windows";"Infraestructura";
"9/22/2021 7:42:26";;"Oracle JDK, OpenJDK en mi distribución Linux";"Oracle JDK";"Java 11, Java 8";"Android Studio, Apache NetBeans, Eclipse IDE, IntelliJ IDEA";"Escritorio, Backend, Movíl/Android";"Java, Kotlin";;"Java/Jakarta EE, MicroProfile, Spring";"Payara";;"MacOS, Windows";"Linux, Windows";"Arquitecto de software";
"9/22/2021 8:48:44";2;"Oracle JDK, OpenJDK en mi distribución Linux";"OpenJDK en mi distribución Linux";"Java 11, Java 8, Java 7 o anterior";"Apache NetBeans, Eclipse IDE, VS Code";"Backend";"Java";"JavaScript (Deno/Node.js)";"Java/Jakarta EE, MicroProfile, Spring";"Apache Tomcat, Apache TomEE, Payara, Glassfish";"Kubernetes";"Linux, Windows";"Linux";"Desarrollador de software";"Java is love"
"9/22/2021 11:57:27";10;"Oracle JDK, OpenJDK en mi distribución Linux";"Oracle JDK";"Java 8, Java 7 o anterior";"Apache NetBeans, IntelliJ IDEA";"Backend";"Java";"Python";"Java/Jakarta EE, Spring";"Apache Tomcat, Apache TomEE, Oracle WebLogic";;"Linux, Windows";"Linux";"Arquitecto de software";
"9/22/2021 11:59:49";3;"Azul Zulu/Zing, Oracle JDK, OpenJDK en mi distribución Linux";"Azul Zulu/Zing, OpenJDK en mi distribución Linux";"Java 11, Java 8";"Apache NetBeans, Eclipse IDE";"Backend";"Java";"JavaScript (Deno/Node.js)";"Java/Jakarta EE, MicroProfile, Quarkus, Spring";"Oracle WebLogic, Payara";"Kubernetes";"Linux";"Linux";"Desarrollador de software";
"9/22/2021 12:06:44";10;"Amazon Corretto, Oracle JDK, OpenJDK en mi distribución Linux";"Oracle JDK, Red Hat OpenJDK";"Java 8, Java 7 o anterior";"Apache NetBeans, Eclipse IDE";"Escritorio, Backend, Frontend";"Java";"JavaScript (Deno/Node.js), VB.NET";"Java/Jakarta EE, PRIMEFACES";"Apache Tomcat, Oracle WebLogic, GLASSFISH";;"Linux, Windows";"Linux, Windows";"Arquitecto de software";
"9/22/2021 13:47:04";4;"OpenJDK en mi distribución Linux";"OpenJDK en mi distribución Linux";"Java 11";"Apache NetBeans";"Escritorio";"Java";"Python, c++";"hibernate";;;"Linux";"Linux, Windows";"Desarrollador de software";
"9/22/2021 14:54:49";24;"Oracle JDK";"Oracle JDK";"Java 17";"IntelliJ IDEA";"Escritorio";"Java";"C++";"Helidon";"Oracle WebLogic";"Kubernetes";"MacOS";"MacOS";"Infraestructura";
"9/22/2021 16:50:18";13;"Oracle JDK";"Oracle JDK";"Java 11, Java 8";"Android Studio, Apache NetBeans, IntelliJ IDEA";"Backend, Frontend, Movíl/Android";;"Python";"Java/Jakarta EE, MicroProfile, Quarkus";"Payara, Red Hat Wildfly";"Docker/Podman exclusivamente, Kubernetes";"Linux, Windows";"Linux, Windows";"Desarrollador de software";
"9/22/2021 17:07:24";12;"Eclipse Adoptium/AdoptOpenJDK, IBM Semeru/Open J9, Oracle JDK";"Eclipse Adoptium/AdoptOpenJDK";"Java 11, Java 8";"Eclipse IDE";"Backend";"Java";"JavaScript (Deno/Node.js)";"Java/Jakarta EE, MicroProfile, Spring";"Apache Tomcat, IBM Websphere (Websphere Liberty), Red Hat Wildfly";"Docker Swarm";"Linux";"Linux";"Desarrollador de software";
"9/22/2021 17:08:09";15;"Oracle JDK, OpenJDK en mi distribución Linux";"Oracle JDK";"Java 8, Java 7 o anterior";"Eclipse IDE";"Backend, Frontend";"Java";"JavaScript (Deno/Node.js)";"Java/Jakarta EE, Spring";"Oracle WebLogic, Red Hat Wildfly";;"Linux, Windows";"Linux";"Desarrollador de software";
"9/22/2021 17:18:46";20;"OpenJDK en mi distribución Linux";"OpenJDK en mi distribución Linux";"Java 11";"Apache NetBeans";"Backend, Frontend";"Java";;"Spring";"Apache Tomcat, Red Hat Wildfly";;"Linux";"Linux";"CIO/CTO/VP/Director";
"9/22/2021 18:02:08";4;"Oracle GraalVM";"OpenJDK en mi distribución Linux";"Java 11, Java 8";"IntelliJ IDEA";"Backend";"Java";"JavaScript (Deno/Node.js), PHP";"Spring";"Apache Tomcat";;"Windows";"Linux";"Desarrollador de software";"Java > Node > PHP"
"9/22/2021 19:54:19";0;"Oracle JDK";"Amazon Corretto";"Java 11";"Eclipse IDE, IntelliJ IDEA, VS Code";"Escritorio, Backend, Frontend, Movíl/Android";"Java";"JavaScript (Deno/Node.js)";"Java/Jakarta EE";"Apache Tomcat, Apache TomEE, Payara";"Kubernetes";"Linux, Windows";"Linux, Windows";"Desarrollador de software";
"9/23/2021 8:07:29";8;"Oracle JDK";"Oracle JDK";"Java 8, Java 7 o anterior";"Android Studio, Eclipse IDE, VS Code";"Backend, Movíl/Android";"Java, Kotlin";"JavaScript (Deno/Node.js), Python, PHP";"Spring";"Apache Tomcat, Red Hat JBoss";;"Linux, Windows";"Linux";"Desarrollador de software";
"9/23/2021 10:13:28";20;"OpenJDK en mi distribución Linux";"Oracle JDK, Red Hat OpenJDK, OpenJDK en mi distribución Linux";"Java 11, Java 8";"Eclipse IDE, VS Code";"Backend";"Java, Scala";"JavaScript (Deno/Node.js)";"Spring, Vert.x";"Apache Tomcat, Oracle WebLogic";"Apache Mesos, Kubernetes";"Linux";"Linux";"CIO/CTO/VP/Director";
"9/23/2021 10:31:47";5;"OpenJDK en mi distribución Linux";"OpenJDK en mi distribución Linux";"Java 7 o anterior";"Apache NetBeans";"Backend, Frontend";"Java";"PHP, Visual Basic";;"Apache Tomcat, Apache TomEE";;"Windows";"Linux";"CIO/CTO/VP/Director";
"9/23/2021 10:33:24";2;"Oracle JDK";"Oracle JDK";"Java 8";"Apache NetBeans";"Escritorio, Backend";"Java";"Python";"Spring";"Apache Tomcat";"Docker Swarm";"Windows";"Windows";"Desarrollador de software";
"9/23/2021 10:44:53";8;"Amazon Corretto, Oracle JDK, OpenJDK en mi distribución Linux";"Amazon Corretto, Oracle JDK, OpenJDK en mi distribución Linux";"Java 11, Java 8";"Eclipse IDE, IntelliJ IDEA, VS Code";"Backend";"Java, Kotlin, JavaScript (GraalVM/Rhino/Nashorn)";"JavaScript (Deno/Node.js), Typescript, shell script";"Java/Jakarta EE, Spring, Apache CXF";"Apache Tomcat, IBM Websphere (Websphere Liberty)";"Docker/Podman exclusivamente, Kubernetes";"Linux, Windows";"Linux";"Arquitecto de software";
"9/23/2021 10:51:05";10;"Oracle JDK";"Oracle JDK";"Java 8";"Apache NetBeans, VS Code";"Backend";"Java";"C#";"Java/Jakarta EE";"Apache Tomcat";"Docker Swarm";"Windows";"Linux, Windows";"Desarrollador de software";
"9/23/2021 11:11:18";;"OpenJDK en mi distribución Linux";"Azul Zulu/Zing";"Java 11, Java 8";"IntelliJ IDEA";"Backend";"Java, Kotlin, Scala";;"Spring";"Apache Tomcat";"Docker/Podman exclusivamente, Kubernetes";"Linux, MacOS";"Linux";"Desarrollador de software";
"9/23/2021 11:41:32";6;"Oracle GraalVM, Oracle JDK";"Oracle GraalVM, Oracle JDK";"Java 11";"Apache NetBeans, IntelliJ IDEA";"Backend";"Java, Kotlin";"JavaScript (Deno/Node.js)";"Java/Jakarta EE, Spring, Micronaut";"Apache Tomcat, Payara";"Docker Swarm";"Linux, Windows";"Linux";"Desarrollador de software";"Los eventos y contenidos que comparten en Guate-Jug me han sido de mucha utilidad para mi carrera profesional. Solo puedo decirles que de verdad gracias por su tiempo y su conocimiento de verdad es invaluable para mí :D"
"9/23/2021 13:02:21";5;"Oracle JDK";"Oracle JDK";"Java 8";"Apache NetBeans, Eclipse IDE";"Backend";"Java";"JavaScript (Deno/Node.js)";"Spring";"Apache Tomcat";"Kubernetes";"Linux, Windows";"Linux, Windows";"Desarrollador de software";
"9/23/2021 13:11:06";9;"Oracle JDK";"Red Hat OpenJDK, OpenJDK en mi distribución Linux";"Java 8";"Eclipse IDE";"Escritorio, Ingenieria de datos";"Java";"JavaScript (Deno/Node.js), PHP";"Java/Jakarta EE, Spring";"Apache Tomcat";;"Linux, Windows";"Linux";"Arquitecto de software";
"9/23/2021 17:00:16";3;"Oracle JDK";"Oracle JDK";"Java 8";"Apache NetBeans";"Backend";"Java";"JavaScript (Deno/Node.js), Python";"Spring";"Apache TomEE, Payara";"Docker Swarm, Kubernetes";"Linux";"Linux";"Arquitecto de software";"Not found"
"9/23/2021 21:50:13";8;"Azul Zulu/Zing, Eclipse Adoptium/AdoptOpenJDK, Oracle JDK, OpenJDK en mi distribución Linux";"Azul Zulu/Zing, OpenJDK en mi distribución Linux";"Java 11, Java 8";"Apache NetBeans, IntelliJ IDEA";"Backend, Movíl/Android, Ingenieria de datos";"Java";"JavaScript (Deno/Node.js), Python";"Java/Jakarta EE, Dripwizard";"Eclipse Jetty";;"Linux";"Linux";"Arquitecto de software";
"9/24/2021 11:44:36";1;"Oracle JDK, OpenJDK en mi distribución Linux";"OpenJDK en mi distribución Linux";"Java 17";"Android Studio, IntelliJ IDEA";"Backend, Movíl/Android";"Java";"JavaScript (Deno/Node.js), Python";"Spring";"Apache Tomcat";;"Linux, MacOS, Windows";"Linux";"Desarrollador de software";
"9/24/2021 13:01:43";4;"Amazon Corretto";"Eclipse Adoptium/AdoptOpenJDK";"Java 8";"IntelliJ IDEA";"Backend, Movíl/Android";"Java, Kotlin";"JavaScript (Deno/Node.js)";"Spring";"Netty";"Kubernetes";"Windows";"Linux";"Desarrollador de software";
"9/24/2021 18:19:53";8;"Azul Zulu/Zing, Eclipse Adoptium/AdoptOpenJDK, Oracle JDK, Red Hat OpenJDK, OpenJDK en mi distribución Linux";"Red Hat OpenJDK, OpenJDK en mi distribución Linux";"Java 11, Java 8";"Android Studio, Apache NetBeans, VS Code";"Backend, Movíl/Android";"Java, Kotlin";"JavaScript (Deno/Node.js), Python";"Java/Jakarta EE, MicroProfile, Spring";"Payara, Red Hat Wildfly";;"Linux";"Linux";"Desarrollador de software";
"9/24/2021 18:30:47";4;"Oracle OpenJDK";"Eclipse Adoptium/AdoptOpenJDK";"Java 11";"IntelliJ IDEA";"Backend";"Java";"JavaScript (Deno/Node.js), Python";"Java/Jakarta EE, Spring";"Apache Tomcat";;"Linux, Windows";"Linux";"Desarrollador de software";
"9/24/2021 21:15:37";4;"Oracle GraalVM, Oracle JDK, OpenJDK en mi distribución Linux";"Oracle GraalVM, Oracle JDK, OpenJDK en mi distribución Linux";"Java 11, Java 8";"IntelliJ IDEA, VS Code";"Backend";"Java, Kotlin, JavaScript (GraalVM/Rhino/Nashorn)";"JavaScript (Deno/Node.js), Python, Ruby";"Java/Jakarta EE, Spring";"Apache Tomcat, Payara";"Docker/Podman exclusivamente";"Linux, Windows";"Linux";"Desarrollador de software";
"9/24/2021 21:16:45";4;"Oracle JDK, OpenJDK en mi distribución Linux";"OpenJDK en mi distribución Linux";"Java 11";"IntelliJ IDEA, VS Code";"Backend";"Java";"JavaScript (Deno/Node.js), Python";"Java/Jakarta EE, Spring";"Apache Tomcat";"Docker/Podman exclusivamente, Kubernetes";"Linux, Windows";"Linux";"Desarrollador de software";
"9/24/2021 22:24:18";10;"Oracle GraalVM, Oracle JDK, Red Hat OpenJDK, OpenJDK en mi distribución Linux";"Oracle GraalVM, Oracle JDK, Red Hat OpenJDK, OpenJDK en mi distribución Linux";"Java 17, Java 11, Java 8";"IntelliJ IDEA";"Escritorio, Backend";"Groovy, Java";"JavaScript (Deno/Node.js)";"Spring";"Apache Tomcat";"Docker/Podman exclusivamente, Kubernetes";"Linux, MacOS, Windows";"Linux";"Arquitecto de software";
"9/24/2021 22:26:05";;"Oracle JDK, OpenJDK en mi distribución Linux";"Oracle JDK";"Java 11, Java 8";"Android Studio, IntelliJ IDEA, VS Code";"Backend, Movíl/Android";"Groovy, Java, Kotlin";"JavaScript (Deno/Node.js)";"Java/Jakarta EE, Spring";"Apache Tomcat, Eclipse Jetty";"Docker/Podman exclusivamente, Kubernetes";"Linux, Windows";"Linux";"Desarrollador de software";
"9/24/2021 23:29:15";;"OpenJDK en mi distribución Linux";"OpenJDK en mi distribución Linux";"Java 11";"IntelliJ IDEA";"Backend, Movíl/Android";"Java, Kotlin, JavaScript (GraalVM/Rhino/Nashorn)";"JavaScript (Deno/Node.js), Python";"Spring";"Apache Tomcat";"Docker/Podman exclusivamente";"Linux, MacOS";"Linux";"Arquitecto de software";
"9/25/2021 0:22:14";10;"Oracle JDK, OpenJDK en mi distribución Linux";"IBM Semeru/Open J9, Oracle JDK, Red Hat OpenJDK";"Java 8, Java 7 o anterior";"Eclipse IDE, IntelliJ IDEA, VS Code";"Backend, Frontend";"Groovy, Java";"JavaScript (Deno/Node.js)";"Java/Jakarta EE, Play Framework, Spring";"Apache Tomcat, Eclipse Jetty, IBM Websphere (Websphere Liberty), Oracle WebLogic";"Docker Swarm";"Linux, Windows";"Linux";"Desarrollador de software";"No"
"9/25/2021 9:44:47";4;"Oracle JDK, OpenJDK en mi distribución Linux";"OpenJDK en mi distribución Linux";"Java 11, Java 8, Java 7 o anterior";"Eclipse IDE";"Backend";"Java";"JavaScript (Deno/Node.js)";"Java/Jakarta EE, Spring";"Oracle WebLogic";;"Windows";"Linux";"Desarrollador de software";
"9/25/2021 11:40:35";11;"Oracle JDK, OpenJDK en mi distribución Linux";"Oracle JDK, OpenJDK en mi distribución Linux";"Java 8";"Apache NetBeans, IntelliJ IDEA";"Backend";"Groovy, Java";"JavaScript (Deno/Node.js), Python";"Java/Jakarta EE, Spring";"Apache Tomcat, Payara";;"Linux";"Linux";"Desarrollador de software";
"9/25/2021 18:47:37";6;"Azul Zulu/Zing";"Azul Zulu/Zing";"Java 11";"IntelliJ IDEA, VS Code";"Backend";"Java";"JavaScript (Deno/Node.js), Python, Ruby";"Java/Jakarta EE, Spring";"Red Hat JBoss";"Kubernetes";"Linux, MacOS, Windows";"Linux";"Desarrollador de software";
"9/25/2021 21:19:28";20;"OpenJDK en mi distribución Linux";"Oracle JDK, Red Hat OpenJDK, OpenJDK en mi distribución Linux";"Java 11, Java 8";"IntelliJ IDEA";"Backend, Movíl/Android";"Java";"Python";"Akka, Play Framework, Spring";"Apache Tomcat";;"Windows";"Linux";"CIO/CTO/VP/Director";
"9/25/2021 23:57:42";1;"Eclipse Adoptium/AdoptOpenJDK, OpenJDK en mi distribución Linux";"Eclipse Adoptium/AdoptOpenJDK, OpenJDK en mi distribución Linux";"Java 11, Java 8";"IntelliJ IDEA, VS Code";"Backend, Movíl/Android";"Java, Kotlin";"Go, JavaScript (Deno/Node.js), Python";"Java/Jakarta EE, Spring";"Apache Tomcat";"Docker/Podman exclusivamente, Kubernetes";"Linux, Windows";"Linux";"Desarrollador de software";
"9/27/2021 0:00:32";5;"Oracle JDK";"Oracle JDK";"Java 8, Java 7 o anterior";"Eclipse IDE";"Backend";"Java";"JavaScript (Deno/Node.js)";"Java/Jakarta EE, Spring";"Apache Tomcat, Oracle WebLogic";;"Windows";"Linux";"Desarrollador de software";
"9/27/2021 9:56:20";3;"Oracle JDK, OpenJDK en mi distribución Linux";"Oracle JDK";"Java 11, Java 8";"Apache NetBeans, IntelliJ IDEA";"Backend";"Groovy, Java, Kotlin";"JavaScript (Deno/Node.js)";"Java/Jakarta EE, MicroProfile, Spring";"Apache Tomcat, Apache TomEE, Payara";"Kubernetes";"Linux, MacOS";"Linux";"Desarrollador de software";
"9/27/2021 9:57:48";0;;;;;;;"Python";;;;"Linux, MacOS";"Linux";"Desarrollador de software";
"9/27/2021 9:59:20";8;"Oracle JDK";"Oracle JDK";"Java 8";"Eclipse IDE";"Backend";"Java";"JavaScript (Deno/Node.js)";"Java/Jakarta EE, Spring";"Oracle WebLogic";;"Linux, Windows";"Linux, Windows";"Desarrollador de software";"Saquenme de Guatemala"
"9/27/2021 10:00:04";4;"Oracle JDK";"Oracle JDK";"Java 8";"Eclipse IDE";"Backend, Frontend";"Java";;"Vaadin";"Apache Tomcat";;"Windows";"Linux";"Desarrollador de software";
"9/27/2021 10:00:41";1;"Azul Zulu/Zing, OpenJDK en mi distribución Linux";"Amazon Corretto";"Java 11";"Android Studio, IntelliJ IDEA";"Backend, Movíl/Android";"Java";"Go, JavaScript (Deno/Node.js), Python";"Java/Jakarta EE, MicroProfile, Quarkus, Spring";;"Kubernetes";"Linux, Windows";"Linux";"Desarrollador de software";
"9/27/2021 10:03:27";7;"Oracle JDK";"Oracle JDK";"Java 11, Java 8";"Android Studio, Eclipse IDE";"Backend, Movíl/Android";"Java, Kotlin, JavaScript (GraalVM/Rhino/Nashorn)";"JavaScript (Deno/Node.js)";"Java/Jakarta EE, Spring";"Apache Tomcat";"Docker Swarm";"Windows";"Windows";"Desarrollador de software";
"9/27/2021 10:03:37";;"Oracle JDK";"Oracle JDK";"Java 8";"Apache NetBeans";"Escritorio";"Java";"JavaScript (Deno/Node.js)";;"Apache Tomcat";;"Windows";"Windows";"Desarrollador de software";
"9/27/2021 10:12:54";2;"Eclipse Adoptium/AdoptOpenJDK";;"Java 8";"Eclipse IDE";"Backend";"Java";"JavaScript (Deno/Node.js)";"Spring";"Apache Tomcat";"Docker Swarm";"Linux";"Linux";"Desarrollador de software";
"9/27/2021 10:17:07";2;"Oracle JDK";"Oracle JDK";"Java 11, Java 8";"Apache NetBeans, VS Code";"Backend";"Java";"Go, JavaScript (Deno/Node.js)";"Java/Jakarta EE";"Oracle WebLogic";"Kubernetes";"Linux, Windows";"Linux";"Desarrollador de software";
"9/27/2021 10:22:16";3;"Oracle JDK";"Oracle JDK, OpenJDK en mi distribución Linux";"Java 11, Java 8";"Apache NetBeans, IntelliJ IDEA";"Movíl/Android";"Java, Kotlin";"JavaScript (Deno/Node.js), Python";"Spring";"Apache Tomcat";"Docker Swarm";"Linux, Windows";"Linux";"Infraestructura";
"9/27/2021 10:22:43";7;"Oracle JDK";"Oracle JDK";"Java 7 o anterior";"Apache NetBeans, Eclipse IDE";"Backend, Frontend";"Java";"Go, JavaScript (Deno/Node.js), Python";"Java/Jakarta EE";"Apache Tomcat, Oas";;"Windows";"Linux";"Desarrollador de software";
"9/27/2021 10:51:27";5;"Eclipse Adoptium/AdoptOpenJDK, Microsoft build of OpenJDK, Oracle JDK";"Eclipse Adoptium/AdoptOpenJDK, Microsoft build of OpenJDK, Oracle JDK";"Java 17";"VS Code";"Backend";"Java, Kotlin, JavaScript (GraalVM/Rhino/Nashorn)";"JavaScript (Deno/Node.js), Python";"Spring";"Apache Tomcat";"Docker Swarm";"Windows";"Linux, Windows";"Desarrollador de software";
"9/27/2021 11:45:49";4;"Oracle JDK";"OpenJDK en mi distribución Linux";"Java 8";"Apache NetBeans";"Escritorio, Backend, Movíl/Android";"Java, Kotlin";"JavaScript (Deno/Node.js), Python";"Spring";"Wildfly";"Docker/Podman exclusivamente";"Windows";"Linux";"Desarrollador de software";
"9/27/2021 12:31:27";10;"OpenJDK en mi distribución Linux";"Red Hat OpenJDK";"Java 8";"IntelliJ IDEA";"Backend";"Java";"JavaScript (Deno/Node.js)";"Java/Jakarta EE, Spring";"Apache Tomcat, Eclipse Jetty, Oracle WebLogic";"Kubernetes";"Linux, MacOS";"Linux";"Desarrollador de software";
"9/27/2021 12:59:03";1;"Oracle JDK";"Oracle JDK";"Java 8";"IntelliJ IDEA";"Escritorio";"Groovy, Java";"JavaScript (Deno/Node.js), Python";"Java/Jakarta EE, Play Framework";"Apache Tomcat";"Docker Swarm";"Linux, Windows";"Linux, Windows";"Desarrollador de software";
"9/27/2021 13:52:15";;"Oracle JDK";"Oracle JDK";"Java 11, Java 8";"Android Studio, Apache NetBeans, IntelliJ IDEA, VS Code";"Backend, Movíl/Android";"Java, Kotlin";"JavaScript (Deno/Node.js), Python";"Java/Jakarta EE, Spring";"Apache Tomcat, Apache TomEE";"Docker/Podman exclusivamente";"Linux, Windows";"Linux";"Desarrollador de software";
"9/27/2021 19:45:25";;"Oracle JDK";"Oracle JDK";"Java 8";"Eclipse IDE, VS Code";"Backend";"Java";"JavaScript (Deno/Node.js)";"Java/Jakarta EE";"Payara";"Docker Swarm";"Windows";"Linux";"Arquitecto de software";
"9/27/2021 19:57:55";5;"Oracle JDK";"Oracle JDK";"Java 17, Java 8";"Android Studio, Apache NetBeans";"Escritorio, Backend, Frontend, Movíl/Android";"Java, Kotlin";"JavaScript (Deno/Node.js)";"Java/Jakarta EE, Spring";"Apache Tomcat";"Docker/Podman exclusivamente, Docker Swarm";"Linux, Windows";"Linux, Windows";"Desarrollador de software";
"9/27/2021 22:11:14";10;"Azul Zulu/Zing, Oracle JDK, OpenJDK en mi distribución Linux";"Oracle JDK";"Java 11, Java 8, Java 7 o anterior";"IntelliJ IDEA, VS Code";"Backend";"Java";"JavaScript (Deno/Node.js)";"Spring";;"Kubernetes";"MacOS";"Linux";"Desarrollador de software";"Muy buena organización!"
"9/28/2021 10:56:20";1;"Microsoft build of OpenJDK";"OpenJDK en mi distribución Linux";"Java 8, Java 7 o anterior";"Apache NetBeans";"Backend";"Java";"JavaScript (Deno/Node.js)";"Spring";"Oracle WebLogic";;"Windows";"Linux";"Desarrollador de software";
"9/28/2021 11:23:53";5;"Oracle JDK, OpenJDK en mi distribución Linux";;"Java 11, Java 8, Java 7 o anterior";"IntelliJ IDEA, VS Code";"Backend";"Java, Kotlin";"JavaScript (Deno/Node.js), Python";"Java/Jakarta EE, Spring";"Apache Tomcat";;"Linux, Windows";"Linux";"Desarrollador de software";
"9/28/2021 12:50:39";3;"Oracle GraalVM, Oracle JDK, OpenJDK en mi distribución Linux";"LibericaJDK, Oracle JDK";"Java 8";"Apache NetBeans, Eclipse IDE";"Escritorio, Backend";"Java";"Go, JavaScript (Deno/Node.js), Python, Rust";"Java/Jakarta EE, Spring";"Apache Tomcat, Eclipse Jetty";;"Linux";"Linux";"Desarrollador de software";
"9/28/2021 12:53:36";3;"Eclipse Adoptium/AdoptOpenJDK, Oracle JDK, OpenJDK en mi distribución Linux";"Oracle JDK";"Java 17, Java 11";"Apache NetBeans, VS Code";"Escritorio";"Java";"Go, JavaScript (Deno/Node.js), Python";"Java/Jakarta EE";"Apache Tomcat";"Docker/Podman exclusivamente";"Linux, Windows";"Linux, Windows";"Desarrollador de software";
"9/28/2021 12:54:20";1;"Oracle JDK";"Oracle JDK";"Java 11";"IntelliJ IDEA";"Escritorio";"Java";"Python";"Java/Jakarta EE";;;"Windows";"Windows";"Desarrollador de software";
"9/28/2021 12:54:57";1;"Oracle JDK";"Oracle JDK";"Java 8";"Apache NetBeans";"Backend";"Java";"Python";"Java/Jakarta EE";"Oracle WebLogic";"Kubernetes";"Windows";"Windows";"Desarrollador de software";
"9/28/2021 13:01:11";2;"Liberica JDK, Oracle JDK, OpenJDK en mi distribución Linux";"LibericaJDK, Oracle JDK, OpenJDK en mi distribución Linux";"Java 8";"Apache NetBeans, Eclipse IDE";"Escritorio";"Java, Kotlin, JavaScript (GraalVM/Rhino/Nashorn)";"Go, JavaScript (Deno/Node.js), Python, Rust";"Java/Jakarta EE";"Apache Tomcat";"Docker/Podman exclusivamente";"Linux";"Linux";"Desarrollador de software";"Excelente!"
"9/28/2021 13:11:03";3;"Oracle JDK";"Oracle JDK";"Java 8";"Apache NetBeans";"Escritorio";"Java";"JavaScript (Deno/Node.js), Python";"Java/Jakarta EE";"Oracle WebLogic";"Apache Mesos";"Windows";"Windows";"Desarrollador de software";
"9/28/2021 13:43:21";2;"Eclipse Adoptium/AdoptOpenJDK, Liberica JDK, Oracle JDK";"Oracle JDK";"16.0.1";"Apache NetBeans, VS Code";"Escritorio";"Java";"JavaScript (Deno/Node.js), Python";"Java/Jakarta EE";;"Kubernetes";"Windows";"Windows";"Desarrollador de software";"Muy interesantes las conferencias dadas."
"9/28/2021 13:53:09";5;"Oracle JDK";"Oracle JDK";"Java 11";"Apache NetBeans";"Backend, Ingenieria de datos";"Java";"Go, JavaScript (Deno/Node.js), Python";"Java/Jakarta EE";"Apache Tomcat";"Kubernetes";"Windows";"Linux";"Desarrollador de software";
"9/28/2021 14:02:31";1;"Oracle JDK";;"Java 8";"Apache NetBeans, Eclipse IDE";"Escritorio";"Java";;;;;"Windows";"Windows";"Desarrollador de software";
"9/28/2021 14:08:34";8;"Liberica JDK, Oracle JDK, OpenJDK en mi distribución Linux";"Oracle JDK, OpenJDK en mi distribución Linux";"Java 17, Java 8";"Apache NetBeans, Eclipse IDE, IntelliJ IDEA, VS Code";"Escritorio, Backend, Frontend";"Java, Kotlin, JavaScript (GraalVM/Rhino/Nashorn)";"Go, JavaScript (Deno/Node.js), Python";;"Apache Tomcat";"Docker/Podman exclusivamente, Kubernetes";"Linux, Windows";"Linux, Windows";"Infraestructura";"Me gusta la JVM de java ya que es muy sencillo de manejar el tema de polimorfismo y herencia a la vez que es multiplataforma."
"9/28/2021 15:27:05";;"Liberica JDK";"LibericaJDK";"Java 11, Java 8";"Apache NetBeans, Eclipse IDE, VS Code";"Escritorio, Backend";"Java";"Python";;;;"Windows";;"Desarrollador de software";
"9/28/2021 20:05:13";3;"Oracle JDK, OpenJDK en mi distribución Linux";"OpenJDK en mi distribución Linux";"Java 11, Java 8";"Android Studio, Apache NetBeans, Eclipse IDE, IntelliJ IDEA, VS Code";"Escritorio, Backend, Movíl/Android";"Java, Kotlin";"Go, JavaScript (Deno/Node.js), Python";"Spring";"Apache Tomcat";"Docker/Podman exclusivamente, Kubernetes";"Linux, MacOS, Windows";"Linux";"Desarrollador de software";"Muchas gracias por su apoyo y estar activos"
"9/28/2021 22:04:00";4;"Oracle JDK";"Oracle JDK";"Java 8";"Apache NetBeans, Eclipse IDE";"Backend";"Java";"JavaScript (Deno/Node.js)";"Java/Jakarta EE, Spring";"Apache Tomcat, Oracle WebLogic, Payara";;"MacOS, Windows";"Linux";"Desarrollador de software";
"9/29/2021 18:23:37";11;"Oracle JDK, OpenJDK en mi distribución Linux";"Oracle JDK, OpenJDK en mi distribución Linux";"Java 17, Java 8";"Android Studio, IntelliJ IDEA";"Escritorio, Movíl/Android";"Groovy, Java, Kotlin";"JavaScript (Deno/Node.js), Python";"Spring";"Apache Tomcat";"Docker/Podman exclusivamente";"Linux, MacOS, Windows";"Linux, MacOS, Windows";"Desarrollador de software";
"9/29/2021 20:18:23";5;"Eclipse Adoptium/AdoptOpenJDK, Liberica JDK, OpenJDK en mi distribución Linux";"Oracle JDK";;"VS Code";"Backend";"Kotlin, JavaScript (GraalVM/Rhino/Nashorn)";"JavaScript (Deno/Node.js)";"Java/Jakarta EE, Spring";"Apache Tomcat";"Kubernetes";"Windows";"Windows";"Desarrollador de software";
"9/29/2021 23:17:06";4;"Oracle JDK, OpenJDK en mi distribución Linux";"OpenJDK en mi distribución Linux";"Java 11";"Android Studio, Apache NetBeans, IntelliJ IDEA, VS Code";"Escritorio, Backend, Frontend, Movíl/Android";"Java, Kotlin";"JavaScript (Deno/Node.js), Python";"Java/Jakarta EE";;"Docker/Podman exclusivamente, Kubernetes";"Linux";"Linux";"Desarrollador de software";
"9/30/2021 12:59:35";4;"Oracle JDK";"Oracle JDK";"Java 8";"Eclipse IDE";"Backend";"Java";"JavaScript (Deno/Node.js)";"Java/Jakarta EE";"Apache Tomcat, Red Hat Wildfly";;"Windows";"Windows";"Desarrollador de software";
"9/30/2021 14:16:32";3;"Liberica JDK, Oracle JDK";"LibericaJDK, Oracle JDK";"Java 8";"Apache NetBeans";"Backend";"Java";"JavaScript (Deno/Node.js), Python";"Java/Jakarta EE";"Oracle WebLogic";"Docker/Podman exclusivamente";"Windows";"Windows";"estudiante";
"9/30/2021 14:34:28";2;"Amazon Corretto, Oracle JDK";"OpenJDK en mi distribución Linux";"Java 11, Java 8, Java 7 o anterior";"IntelliJ IDEA";"Backend";"Java";"JavaScript (Deno/Node.js)";"Java/Jakarta EE, Spring";"Red Hat JBoss";"Kubernetes";"Windows";"Linux";"Desarrollador de software";
